{
    "current_scene": "Capture",
    "current_program_scene": "Capture",
    "scene_order": [
        {
            "name": "Capture"
        }
    ],
    "name": "Tangia Record",
    "sources": [
        {
            "prev_ver": 520093697,
            "name": "Audio Output Capture",
            "uuid": "1903baf9-0a46-4e5e-8783-f8ef6926cd71",
            "id": "wasapi_output_capture",
            "versioned_id": "wasapi_output_capture",
            "settings": {
                "device_id": "default"
            },
            "mixers": 255,
            "sync": 0,
            "flags": 0,
            "volume": 1.0,
            "balance": 0.5,
            "enabled": true,
            "muted": false,
            "push-to-mute": false,
            "push-to-mute-delay": 0,
            "push-to-talk": false,
            "push-to-talk-delay": 0,
            "hotkeys": {
                "libobs.mute": [],
                "libobs.unmute": [],
                "libobs.push-to-mute": [],
                "libobs.push-to-talk": []
            },
            "deinterlace_mode": 0,
            "deinterlace_field_order": 0,
            "monitoring_type": 2,
            "private_settings": {},
            "filters": [
                {
                    "prev_ver": 520093697,
                    "name": "Compressor",
                    "uuid": "b880cb75-646e-4cb9-a471-e049abf33baa",
                    "id": "compressor_filter",
                    "versioned_id": "compressor_filter",
                    "settings": {
                        "ratio": 3.0,
                        "threshold": -25.5,
                        "output_gain": 1.8
                    },
                    "mixers": 255,
                    "sync": 0,
                    "flags": 0,
                    "volume": 1.0,
                    "balance": 0.5,
                    "enabled": true,
                    "muted": false,
                    "push-to-mute": false,
                    "push-to-mute-delay": 0,
                    "push-to-talk": false,
                    "push-to-talk-delay": 0,
                    "hotkeys": {},
                    "deinterlace_mode": 0,
                    "deinterlace_field_order": 0,
                    "monitoring_type": 0,
                    "private_settings": {}
                },
                {
                    "prev_ver": 520093697,
                    "name": "Limiter",
                    "uuid": "07b5ddf6-bbec-446d-aadd-86da7bb5d461",
                    "id": "limiter_filter",
                    "versioned_id": "limiter_filter",
                    "settings": {
                        "threshold": -12.0,
                        "release_time": 48
                    },
                    "mixers": 255,
                    "sync": 0,
                    "flags": 0,
                    "volume": 1.0,
                    "balance": 0.5,
                    "enabled": true,
                    "muted": false,
                    "push-to-mute": false,
                    "push-to-mute-delay": 0,
                    "push-to-talk": false,
                    "push-to-talk-delay": 0,
                    "hotkeys": {},
                    "deinterlace_mode": 0,
                    "deinterlace_field_order": 0,
                    "monitoring_type": 0,
                    "private_settings": {}
                }
            ]
        },
        {
            "prev_ver": 520093697,
            "name": "Capture",
            "uuid": "b86197c0-e045-45d8-a7e1-7bfa57a975fe",
            "id": "scene",
            "versioned_id": "scene",
            "settings": {
                "id_counter": 8,
                "custom_size": false,
                "items": [
                    {
                        "name": "Display Capture",
                        "source_uuid": "5aca8218-a646-43bd-81a1-2ea089349498",
                        "visible": true,
                        "locked": false,
                        "rot": 0.0,
                        "scale_ref": {
                            "x": 800.0,
                            "y": 800.0
                        },
                        "align": 5,
                        "bounds_type": 0,
                        "bounds_align": 0,
                        "bounds_crop": false,
                        "crop_left": 0,
                        "crop_top": 0,
                        "crop_right": 0,
                        "crop_bottom": 0,
                        "id": 2,
                        "group_item_backup": false,
                        "pos": {
                            "x": 41.0,
                            "y": 221.0
                        },
                        "pos_rel": {
                            "x": -0.89749997854232788,
                            "y": -0.44749999046325684
                        },
                        "scale": {
                            "x": 0.37604168057441711,
                            "y": 0.37592592835426331
                        },
                        "scale_rel": {
                            "x": 0.37604168057441711,
                            "y": 0.37592592835426331
                        },
                        "bounds": {
                            "x": 0.0,
                            "y": 0.0
                        },
                        "bounds_rel": {
                            "x": 0.0,
                            "y": 0.0
                        },
                        "scale_filter": "disable",
                        "blend_method": "default",
                        "blend_type": "normal",
                        "show_transition": {
                            "duration": 0
                        },
                        "hide_transition": {
                            "duration": 0
                        },
                        "private_settings": {}
                    },
                    {
                        "name": "Audio Output Capture",
                        "source_uuid": "1903baf9-0a46-4e5e-8783-f8ef6926cd71",
                        "visible": true,
                        "locked": true,
                        "rot": 0.0,
                        "scale_ref": {
                            "x": 800.0,
                            "y": 800.0
                        },
                        "align": 5,
                        "bounds_type": 0,
                        "bounds_align": 0,
                        "bounds_crop": false,
                        "crop_left": 0,
                        "crop_top": 0,
                        "crop_right": 0,
                        "crop_bottom": 0,
                        "id": 3,
                        "group_item_backup": false,
                        "pos": {
                            "x": 0.0,
                            "y": 0.0
                        },
                        "pos_rel": {
                            "x": -1.0,
                            "y": -1.0
                        },
                        "scale": {
                            "x": 1.0,
                            "y": 1.0
                        },
                        "scale_rel": {
                            "x": 1.0,
                            "y": 1.0
                        },
                        "bounds": {
                            "x": 0.0,
                            "y": 0.0
                        },
                        "bounds_rel": {
                            "x": 0.0,
                            "y": 0.0
                        },
                        "scale_filter": "disable",
                        "blend_method": "default",
                        "blend_type": "normal",
                        "show_transition": {
                            "duration": 0
                        },
                        "hide_transition": {
                            "duration": 0
                        },
                        "private_settings": {}
                    }
                ]
            },
            "mixers": 0,
            "sync": 0,
            "flags": 0,
            "volume": 1.0,
            "balance": 0.5,
            "enabled": true,
            "muted": false,
            "push-to-mute": false,
            "push-to-mute-delay": 0,
            "push-to-talk": false,
            "push-to-talk-delay": 0,
            "hotkeys": {
                "OBSBasic.SelectScene": [],
                "libobs.show_scene_item.2": [],
                "libobs.hide_scene_item.2": [],
                "libobs.show_scene_item.3": [],
                "libobs.hide_scene_item.3": []
            },
            "deinterlace_mode": 0,
            "deinterlace_field_order": 0,
            "monitoring_type": 0,
            "private_settings": {}
        },
        {
            "prev_ver": 520093697,
            "name": "Display Capture",
            "uuid": "5aca8218-a646-43bd-81a1-2ea089349498",
            "id": "monitor_capture",
            "versioned_id": "monitor_capture",
            "settings": {
                "monitor_id": "\\\\?\\DISPLAY#LEN40BA#4&1ffee4a6&0&UID8388688#{e6f07b5f-ee97-4a90-b076-33f57bf4eaa7}",
                "capture_cursor": false
            },
            "mixers": 0,
            "sync": 0,
            "flags": 0,
            "volume": 1.0,
            "balance": 0.5,
            "enabled": true,
            "muted": false,
            "push-to-mute": false,
            "push-to-mute-delay": 0,
            "push-to-talk": false,
            "push-to-talk-delay": 0,
            "hotkeys": {},
            "deinterlace_mode": 0,
            "deinterlace_field_order": 0,
            "monitoring_type": 0,
            "private_settings": {}
        }
    ],
    "groups": [],
    "quick_transitions": [
        {
            "name": "Cut",
            "duration": 300,
            "hotkeys": [],
            "id": 1,
            "fade_to_black": false
        },
        {
            "name": "Fade",
            "duration": 300,
            "hotkeys": [],
            "id": 2,
            "fade_to_black": false
        },
        {
            "name": "Fade",
            "duration": 300,
            "hotkeys": [],
            "id": 3,
            "fade_to_black": true
        }
    ],
    "transitions": [],
    "saved_projectors": [],
    "current_transition": "Fade",
    "transition_duration": 300,
    "preview_locked": false,
    "scaling_enabled": false,
    "scaling_level": 0,
    "scaling_off_x": 0.0,
    "scaling_off_y": 0.0,
    "virtual-camera": {
        "type2": 3
    },
    "modules": {
        "copyTransformHotkey": [],
        "pasteTransformHotkey": [],
        "scripts-tool": [
        ],
        "output-timer": {
            "streamTimerHours": 0,
            "streamTimerMinutes": 0,
            "streamTimerSeconds": 30,
            "recordTimerHours": 0,
            "recordTimerMinutes": 0,
            "recordTimerSeconds": 30,
            "autoStartStreamTimer": false,
            "autoStartRecordTimer": false,
            "pauseRecordTimer": true
        },
        "auto-scene-switcher": {
            "interval": 300,
            "non_matching_scene": "",
            "switch_if_not_matching": false,
            "active": false,
            "switches": []
        },
        "captions": {
            "source": "",
            "enabled": false,
            "lang_id": 1033,
            "provider": "mssapi"
        }
    },
    "resolution": {
        "x": 800,
        "y": 800
    },
    "version": 2,
    "migration_resolution": {
        "x": 800,
        "y": 800
    }
}